,Title,Tipo,Tags,INGREDIENTE_0,INGREDIENTE_1,INGREDIENTE_2,INGREDIENTE_3,INGREDIENTE_4,INGREDIENTE_5,INGREDIENTE_6,INGREDIENTE_7,INGREDIENTE_8,INGREDIENTE_9,INGREDIENTE_10,INGREDIENTE_11,INGREDIENTE_12,INGREDIENTE_13,INGREDIENTE_14,PASO_0,PASO_1,PASO_3,PASO_4,PASO_5,PASO_6,PASO_7,PASO_8,PASO_9,PASO_10,CANTIDAD_0,CANTIDAD_1,CANTIDAD_2,CANTIDAD_3,CANTIDAD_4,CANTIDAD_5,CANTIDAD_6,CANTIDAD_7,CANTIDAD_8,CANTIDAD_9,CANTIDAD_10,CANTIDAD_11,CANTIDAD_12,CANTIDAD_13,CANTIDAD_14
0,Pollo Cancún,PlatoFuerte,"aceite de oliva , cena , cilantro , fruta tropical , pollo , salsa","DOLE Pineapple Slices: piña en rebanadas, sin el jugo",De pollo deshuesadas y sin piel,Comino molido,Orégano seco desmenuzado,Clavo molido,Aceite de oliva,DOLE Pineapple Juice: jugo de piña,Jugo de limón,,,,,,,,"Aplana: el pollo hasta obtener un grosor de ½ pulgada. Espolvorea sal y pimienta. Combina el comino, el orégano y los clavos. Espolvoréalos sobre el pollo.",Calienta: el aceite de oliva en la sartén. Saltea la piña ligeramente por aproximadamente 1 minuto. Retira de la sartén. Dora el pollo en los jugos de la sartén. Cubre y hierve a fuego lento de 1 a 2 minutos hasta que esté cocido. Retíralo de la sartén y colócalo en un plato.,,,,,,,,,4 rebanadas,2 medias pechugas,14 cdta.,14 cdta.,18 cdta.,1 a 1-12 cda.,34 taza,1 cda.,1 cdta.,,,,,,
3,Paletas heladas caribeñas de crema,Postre,"fruta tropical , mango , miel , papaya , postre , queso crema",Jarred DOLE Tropical Fruit: fruta tropical envasada,Néctar de mango o papaya,Leche de coco light baja en calorías,Plátano DOLE: pelado y rebanado,Queso crema suavizado,Miel,Moldes para paletas heladas o vasitos de plástico de 3 oz,,,,,,,,,Mide: 2 tazas de fruta DOLE sin el jugo.,"Mezcla: en una licuadora o procesador de alimentos la fruta tropical, el néctar, la leche de coco, el plátano, el queso crema y la miel. Cubre y licua hasta obtener una mezcla suave. Vierte la mezcla en 10 vasitos de plástico en cantidades iguales. Colócalos en una bandeja y congélalos por aproximadamente 1 hora o hasta que la mezcla esté parcialmente sólida.",,,,,,,,,1 frasco 23.5 oz,1 taza,12 taza,1,3 oz,2 cdas.,10,,,,,,,,
6,Pizza de carnitas y piña,PlatoFuerte,"cena , cerdo , chipotle , cilantro , queso",,,,,,,,,,,,,,,,"Combina: la mantequilla, el chile chipotle en polvo y el comino en un tazón pequeño. Con una brocha, aplica la mezcla de mantequilla sobre la pizza.",Acomoda: la mezcla de carnitas y los trozos de piña sobre la pizza,,,,,,,,,,,,,,,,,,,,,,,
7,Pescado a la veracruzana,PlatoFuerte,"aceite de oliva , arroz , cena , cilantro , jalapeño , pescado , salsa",,,,,,,,,,,,,,,,"Cocina: en una sartén grande, a fuego medio alto la cebolla, el pimiento morrón y el ajo con el comino y el aceite de oliva por 5 minutos.","Añade: los tomates, la piña y media taza de caldo y espera a que la mezcla alcance el hervor. Reduce el fuego",,,,,,,,,,,,,,,,,,,,,,,
10,Lomo con chimichurri a la parrilla,PlatoFuerte,"aceite de oliva , cena , cilantro , lomo , res , salsa",Hojas frescas de perejil italiano,Aceite de oliva,Vinagre de vino rojo,Hojas de cilantro fresco,,,,,,,,,,,,"Mezcla: en una licuadora o procesador de alimentos perejil, aceite, vinagre, cilantro, ajo, las hojuelas de chile rojo, comino y sal. Cubre y licua hasta obtener una mezcla suave.","Vierte: la mitad de la salsa en un tazón pequeño, cubre y refrigera hasta que esté lista para usarse.",Calienta: una sartén grande a fuego medio alto,,,,,,,,1 taza,12 taza,13 taza,14 taza,,,,,,,,,,,
11,Fajitas de pollo y frijoles negros,PlatoFuerte,"cena , frijoles , pollo , queso , salsa , tortillas",,,,,,,,,,,,,,,,Cocina: en una sartén antiadherente el pollo en aceite caliente a fuego medio alto y revuelve hasta que esté dorado. Añade el pimiento morrón,,,,,,,,,,,,,,,,,,,,,,,,
14,Rollo de galletas brazo gitano,Postre,"fruta tropical , postre",Galletas redondas de vainilla,Jugo DOLE Pineapple: piña,Leche condensada,Nueces,Nueces pecanas,Arándanos,"DOLE Tropical Fruit: fruta tropical o Mixed Fruit: fruta surtida, sin el jugo",,,,,,,,,Pica: las galletas y mézclalas con el jugo de piña y la leche condensada hasta obtener una pasta. Coloca la mezcla sobre un papel de cera y cúbrelo con otro papel de cera. Moldéalo para obtener un rectángulo de 11 x 8 pulgadas.,Usa: una procesadora para picar finamente las nueces y los arándanos. Agrega la fruta tropical y pulsa hasta que esté picada en trozos grandes.,,,,,,,,,1 paquete 7 oz,14 taza,14 taza,14 taza,14 taza,2 cdas.,1 taza,,,,,,,,
17,Guacamole con fruta tropical,Entrada,"aguacate , guacamole","Aguacates o paltas machacados, sin semilla ni cáscara",Tomates cortados en cubos pequeños,Cebolla blanca finamente picada,"DOLE Pineapple Tidbits: solo la piña, sin el jugo",Jugo de limón,Sal y pimienta,,,,,,,,,,"Mezcla: los aguacates, tomates, cebolla y piña en un tazón. Rocíalos con el jugo de limón para evitar que el aguacate se oxide. Sazona con sal y pimienta, al gusto.",Utiliza: diferentes frutas DOLE para crear guacamoles de distintos sabores y colores.,,,,,,,,,2,14 taza,12 taza,1 taza 8 oz,2 cdas.,,,,,,,,,,
18,Biónico,Postre,"frutas , miel , postre","DOLE Pineapple Chunks: piña en trozos, sin el jugo","DOLE Mandarin Oranges: mandarinas, sin el jugo","DOLE Jarred Peaches: duraznos envasados, sin el jugo",Leche condensada,Crema agria,Miel,Canela,Granola,Coco rallado*,,,,,,,"Combina: la piña en trozos, mandarinas y duraznos en un tazón mediano.","Mezcla: la leche condensada con la crema agria, la miel y la canela. Mezcla bien. Pon sobre la fruta. Cúbrelo con granola, coco u otros toppings si lo deseas.",,,,,,,,,1 lata 20 oz,1 lata 11 o 15 oz,1 taza,1 taza,1 taza,1 cda.,1 cdta.,13 taza,13 taza,,,,,,
21,Ceviche de camarón,Entrada,"ceviche , cilantro , mariscos","Camarones pequeños, cocidos","DOLE Pineapple Chunks : piña en trozos, sin el jugo","Tomates pequeños, cortados finamente","Cebolla, picada finamente","Hojas de cilantro, corte chiffonade",Jugo de limón,Sal y pimienta,,,,,,,,,"Mezcla: los camarones, trozos de piña, tomates, cebolla, cilantro y jugo de limón. Agrega sal y pimienta al gusto. Tápalo y deja reposar durante 30 minutos dentro del refrigerador.","Sírvelo: con galletas saladas, tostadas de maíz o totopos chips.",,,,,,,,,1 lb.,1 lata,2,12 taza,13 taza,14 taza,,,,,,,,,
22,Julepe de menta con ron y piña,Bebida,"cóctel , julepe , menta , ron , verano",Ramita de menta fresca,Cubos de hielo o hielo molido de jugo de piña DOLE:,Jugo de piña y naranja o piña DOLE:,Azúcar impalpable,Ron,,,,,,,,,,,Frota: la ramita de menta por el interior del vaso.,"Llena: la mitad del vaso con los cubos molidos de jugo. Agrega jugo de piña, azúcar impalpable y ron.",,,,,,,,,1,,1 taza,2 cdas.,1 ½ oz,,,,,,,,,,
23,Chicken Tenders con piña,Entrada,"bbq , miel , pollo , semillas de sésamo","Trozos de piña DOLE Pineapple Chunks:, sin el jugo",Salsa barbacoa,Salsa de soya,Miel,Chicken tenders,Semillas de sésamo tostadas,,,,,,,,,,"Coloca: los trozos de piña, la salsa barbacoa, la salsa de soya y la miel en una licuadora o procesadora de alimentos. Tapa y mezcla hasta obtener una mezcla homogénea.",Coloca: los chicken tenders en un bol grande. Agrega ¾ de la mezcla de piña sobre el pollo y mezcla bien. Deja marinar en el refrigerador durante 30 a 60 minutos.,Esparce: las semillas de sésamo sobre el pollo y acompáñalo con la salsa.,,,,,,,,1 lata 23.5 oz,¼ taza,2 cdas.,1 cda.,1 lb.,2 cdas.,,,,,,,,,
26,Tostada de ceviche de camarón y piña,Entrada,"ajo , camarón , ceviche , cilantro , jalapeños , limón , mariscos , piña , tostadas , verano","Camarones medianos cocidos, cortados en trozos de ½ pulgada","DOLE Pineapple Tidbits:, solo piña, reservar el jugo","Cebolla morada, finamente picada","Jalapeños frescos, picados en cubos","Cilantro fresco, picado","Ajo, finamente picado","Limón verde, jugo","Sal y pimienta, al gusto",Tostadas de maíz,,,,,,,"Mezcla: los camarones, piña, cebolla, jalapeños, cilantro, ajo, limón y una cucharada de jugo de piña en un bol. Condimenta con sal y pimienta al gusto.",Sirve: los camarones sobre las tostadas de maíz.,,,,,,,,,1 lb.,1 lata 20 oz,½ taza,1-2,14 taza,1 cdta,1,,4,,,,,,
29,Sliders de cerdo con salsa Island de DOLE<sup>®</sup>,Entrada,"ajo , aperitivos , cerdo , jengibre molido , jicama , mayonesa , piña , sliders , snacks , teriyaki , tidbits de piña , trozos de mango",,,,,,,,,,,,,,,,"Precalienta: la parrilla de gas, con la tapa cerrada, a temperatura media-alta. Quítale el jugo a las piñas",,,,,,,,,,,,,,,,,,,,,,,,
30,Explosión de fresas y banana,Desayuno,"banana , desayuno , fácil , fresas , jugo de piña , saludable , yogur","Banana mediana, pelada y en rebanadas",Jugo de piña DOLE:,Yogur de vainilla o natural descremado,"Fresas DOLE: congeladas, en trozos",,,,,,,,,,,,"Coloca: la banana, el jugo de piña, el yogur y las fresas en una licuadora.",Tapa: y licúa hasta obtener una mezcla homogénea.,,,,,,,,,1,1 lata 6 oz,12 taza,1 taza,,,,,,,,,,,
31,Tacos al Pastor,PlatoFuerte,"ajo , cerdo , chiles , delicioso , dulce , exquisito , juicy , piña , sabor , salsa , tacos , tasty",,,,,,,,,,,,,,,,"Para la salsa, prepara: los chiles guajillo, puya y poblanos tostándolos y quitándoles las semillas. Después de quitarles las semillas, colócalos en una cacerola con agua y hierve hasta que los chiles estén blandos. Coloca la paprika, el comino y los dientes de ajo enteros en una cacerola para tostarlos un poco a fuego medio.<br ><br >Coloca los chiles, los condimentos tostados y los ingredientes restantes en una licuadora. Usa el agua que quedó de los chiles para lograr la consistencia deseada y licúa hasta obtener una mezcla homogénea.<br ><br >Agrega sal al gusto o hasta que desprenda el sabor.",Corta: el cerdo en tiras pequeñas,,,,,,,,,,,,,,,,,,,,,,,
32,Glasé de piñas para el pan de muerto,Postre,"azúcar , glasé , pan de muerto , piña , simple",Piña trituradas DOLE,Azúcar,,,,,,,,,,,,,,Coloca: la piña en una licuadora o procesadora de alimentos. Procesa hasta obtener una consistencia homogénea.,Coloca: el puré de piña y el azúcar en una cacerola pequeña. Cocina a temperatura baja a media hasta que comience a hervir. Deja hervir durante 5 minutos.,,,,,,,,,1 lata 8 oz,1 taza 8 oz,,,,,,,,,,,,,
33,Torta invertida de piña y queso crema,Postre,"clásico , colorida , deliciosa , dulce , exquisita , fácil , gelatina , pastel , piña , queso crema , torta","Mantequilla sin sal, derretida",Azúcar morena compactada,"Rodajas de piña DOLE, sin el jugo",Cerezas al marrasquino,Mezcla para torta sabor vainilla,"Queso crema PHILADELPHIA, blando",Gelatina sabor a limón JELL-O,Huevos,,,,,,,,"Precalienta: el horno a 350 °F. Rocía un molde para torta o un molde desmontable de 9 pulgadas con aerosol para cocinar antiadherente. Si usas un molde desmontable, coloca papel de aluminio en la base.",Mezcla: la mantequilla derretida y el azúcar morena en un molde. Coloca 7 u 8 rodajas de piña en la mezcla de azúcar. Coloca las cerezas en el centro de cada rodaja de piña. Corta las 2 rodajas restantes de piña por la mitad y colócalas de manera decorativa alrededor de la rodaja que está en el centro del molde.,"Hornea: entre 65 y 75 minutos o hasta que, al insertar un palillo, este salga limpio.",Deja: enfriar 5 minutos. Afloja los bordes y desmolda en una fuente para servir.,,,,,,,¼ taza,½ taza,1 lata 20 oz,7 u 8,1 paquete 9 oz,2 paquetes 8 oz cu,1 paquete 3 oz,2,,,,,,,
36,Cheesecake de durazno para llevar,Postre,"cheesecake , durazno , exquisito , fácil , fruta , pastel , portátil , queso crema , sabor",Migas de galletas integrales,"Mantequilla, derretida",Canela en polvo,Crema doble,"Queso crema, blando","Azúcar impalpable,Crema doble","Extracto de vainilla,Azúcar impalpable","Jugo de limón,Extracto de vainilla","de sal,Jugo de limón","Duraznos cortados DOLE Fruit Bowls,de sal",Duraznos cortados DOLE Fruit Bowls,,,,,"Mezcla: las migas de galletas integrales, la mantequilla y la canela en un bol pequeño. Bate bien.",Bate: la crema doble casi a punto nieve. Agrega el azúcar impalpable y bate para combinar los ingredientes.,Divide: las migas de galletas integrales en cuatro jarros de boca ancha de 8 oz. Divide la mezcla de queso crema en los jarros. Tapa los boles de frutas y cubre los jarros.,Refrigera: hasta el momento de servirlos.,"Para servir,: quita el jugo de los boles de frutas y coloca la fruta sobre el cheesecake.",,,,,,34 taza,3 cdas.,14 cdta.,13 taza,5 oz,"14 taza,6 cdas.","34 cdta.,14 taza","1 cdta.,34 cdta.","1 Pizca,1 cdta.","1 paquete 4-4 oz,1 Pizca",1 paquete 4-4 oz,,,,
37,Relleno de tamal,Entrada,"chiles verdes , choclo , elote , exquisitos , fiestas , jalapeños , piña , relleno , tamales",Mantequilla,Cebollas cortadas en dados,"Pimiento dulce rojo, en dados",Mezcla para relleno de pan de maíz,Comino en polvo,Chile en polvo,Cilantro picado,"Jalapeños, sin semillas, sin tallos y cortados, o 1 lata 4 oz de     chiles verdes cortados en dados","Granos de choclo, frescos o congelados",Mezcla de queso rallado mexicano,"Tamales cocidos de carne de res, cerdo, pollo o queso     cortados en piezas de 1 pulgada",Trozos de piña DOLE,Caldo de pollo,"Sal y pimienta, al gusto",,"Precalienta: el horno a 350 °F.:En una sartén mediana, derrite mantequilla a fuego medio. Agrega la cebolla, el pimiento dulce, el comino y el chile en polvo, y cocina hasta que los ingredientes estén blandos aproximadamente 5 minutos.","Retira: del fuego y coloca la preparación en un bol grande para mezclar. Agrega la mezcla para relleno de pan de maíz, el cilantro, los jalapeños, el choclo, el queso, los tamales, la piña y el caldo de pollo. Revuelve hasta integrar bien todos los ingredientes. Agrega los tamales cortados y, luego, coloca el relleno con una cuchara en una fuente para hornear de 3 cuartos.","Retira: el papel de aluminio y sigue horneando durante 15 a 20 minutos más, o hasta que la parte superior esté un poco dorada y los bordes estén crujientes.",,,,,,,,2 cdas.,1 taza,1,1 caja 12 oz,½ cdta.,¼ cdta.,13 taza,4,1 ½ tazas,1 ½ tazas,3,1 lata 20 oz,2 tazas,,
40,Sliders de cerdo con salsa Island de DOLE®,Entrada,"ajo , aperitivos , cerdo , jengibre molido , jicama , mayonesa , sliders , snacks , teriyaki , tidbits de piña , trozos de mango",,,,,,,,,,,,,,,,"Precalienta: la parrilla de gas, con la tapa cerrada, a temperatura media-alta. Quítale el jugo a las piñas",,,,,,,,,,,,,,,,,,,,,,,,
43,Granita escarchada de piña y jengibre,Postre,"delicioso , fácil , granita , helado , jengibre , jugo de piña , light , postre , refrescante",Azúcar,Agua,Jugo de piña DOLE:,Jengibre escarchado picado finamente,,,,,,,,,,,,"Coloca: el azúcar y el agua en una sartén pequeña y lleva a fuego medio-alto. Cocina a fuego lento hasta que el azúcar se disuelva, revolviendo ocasionalmente. Agrega el jugo de piña y el jengibre.","Lleva: al congelador según las instrucciones del fabricante de la máquina para hacer helados. También se puede verter en una bandeja para hornear de 9 pulgadas. Lleva al congelador durante 2 a 3 horas moviendo la mezcla con un tenedor cada 30 minutos para formar gránulos. Decora con menta fresca, si lo deseas.",,,,,,,,,12 taza,14 taza,3 tazas,1 cda.,,,,,,,,,,,
44,Sabrosa cazuela de batata y piña,Entrada,"acompañamiento , azúcar morena , batata , cazuela , fácil , rápido , rico , sabroso",,,,,,,,,,,,,,,,Precalienta: el horno a 400 °F. Rocía una fuente para horno de 12 x 8 pulgadas con rocío para hornear.,"Coloca: las batatas, las piñas y los arándanos en una fuente para horno. Esparce el azúcar morena. Mezcla la mantequilla y la canela en un bol pequeño",,,,,,,,,,,,,,,,,,,,,,,
45,Salsa de arándanos y piña,Postre,"ácido , arándanos , clavo de olor , dulce , pavo , piña , sabrosa , salsa",Piñas trituradas DOLE,Salsa de arándanos enteros,Clavo de olor en polvo,Ralladura de cáscara de naranja,,,,,,,,,,,,"Mezcla: la piña, la salsa de arándanos, el clavo de olor y la ralladura de cascara de naranja en una cacerola mediana y cocina durante 10 minutos a fuego bajo a medio. Pasa a un bol para servir, y deja enfriar por 2 horas o sirve tibio.",,,,,,,,,,1 lata 8 oz,1 lata 14 oz,18 cdta.,½ cdta.,,,,,,,,,,,
46,Torta invertida de piña y queso crema,Postre,"clásico , colorida , deliciosa , dulce , exquista , fácil , gelatina , pastel , queso crema , torta","Mantequilla sin sal, derretida",Azúcar morena compactada,"Rodajas de piña DOLE, sin el jugo",Cerezas al marrasquino,Mezcla para torta sabor vainilla,"Queso crema PHILADELPHIA, blando",Gelatina sabor a limón JELL-O,Huevos,,,,,,,,"Precalienta: el horno a 350 °F. Rocía un molde para torta o un molde desmontable de 9 pulgadas con aerosol para cocinar antiadherente. Si usas un molde desmontable, coloca papel de aluminio en la base.",Mezcla: la mantequilla derretida y el azúcar morena en un molde. Coloca 7 u 8 rodajas de piña en la mezcla de azúcar. Coloca las cerezas en el centro de cada rodaja de piña. Corta las 2 rodajas restantes de piña por la mitad y colócalas de manera decorativa alrededor de la rodaja que está en el centro del molde.,"Hornea: entre 65 y 75 minutos o hasta que, al insertar un palillo, este salga limpio.",Deja: enfriar 5 minutos. Afloja los bordes y desmolda en una fuente para servir.,,,,,,,¼ taza,½ taza,1 lata 20 oz,7 u 8,1 paquete 9 oz,2 paquetes 8 oz cu,1 paquete 3 oz,2,,,,,,,
47,Pan de jamón navideño,Entrada,"aceitunas , delicioso , esponjosa , pan de jamón , pasas de uva , piña , relleno , rollo",Agua tibia,Levadura instantánea,Azúcar,Harina común,"Mantequilla, derretida","Huevos, batidos",Sal,Leche,"Piña en trozos DOLE, sin el jugo",Jamón en fetas de calidad,Pasas de uva,"Aceitunas rellenas con pimiento, cortadas",Yema de huevo,,,"Precalienta: el horno a 350 °F. :Mezcla el agua, la levadura y el azúcar en el bol de una batidora de pie y coloca un gancho para amasar. Mezcla durante 5 minutos o hasta que la levadura forme espuma.","Agrega: la harina, la mantequilla, el huevo, la sal y la leche. Mezcla a velocidad media hasta que los ingredientes se integren bien. Vierte la masa sobre una superficie enharinada y amasa hasta obtener una consistencia homogénea. Coloca la masa en un bol aceitado y cubre con film de plástico. Deja reposar en un lugar cálido hasta que duplique su tamaño aproximadamente 1 ½ horas.",Estira: la masa hasta obtener un rectángulo de aproximadamente 10 x 15 pulgadas. Coloca el jamón sobre la masa dejando libre ½ pulgada en todo el borde.,"Esparce: las pasas de uva, las aceitunas y la piña sobre el jamón. Enrolla la masa firmemente desde el borde más largo. Presiona la unión con los dedos mojados con agua para sellar.",Coloca: el lado sellado del rollo hacia abajo sobre una placa para horno forrada con papel manteca.  Pincela con la yema de huevo batida con 2 cucharaditas de agua.,Cubre: el rollo con film de plástico y deja reposar en un lugar cálido durante 30 minutos. Hornea durante 35 minutos o hasta que el rollo esté dorado.,,,,,14 taza,1 cda.,3 cdas.,4 tazas,4 cdas.,2,34 cdta.,34 taza,2 latas 8 oz,20 oz,14 taza,12 taza,1,,
48,Tamales de piña y chocolate,Postre,"chocolate , dulce , fácil , maíz , piña , rico , sabor , tamal dulce , tamales , tradición",Hojas de maíz secas para tamales,Masa harina,Polvo para hornear,Sal,Aceite vegetal,"Trozos pequeños de piña DOLE, sin jugo reservar el jugo",Jugo de piña DOLE,"Chocolate mexicano, cortado",Copos de coco azucarado,Chispas de chocolate semiamargo,,,,,,Lleva: a hervor una cacerola con agua hasta la mitad. Coloca en la cacerola las hojas de maíz secas y retira del fuego. Deja las hojas sumergidas en agua caliente durante 20 minutos.,"Mientras tanto: forma la mezcla para la masa. Mezcla la masa harina, sal, polvo para hornear y aceite vegetal en el bol de una batidora de pie. Mezcla a baja velocidad para incorporar los ingredientes. Escurre la piña en un bol medidor de 2 tazas presionando sobre un colador. Reserva el jugo. Agrega el jugo adicional de la lata de 6 oz. Calienta el jugo en una cacerola pequeña a fuego bajo hasta que hierva. Retira del fuego y agrega a la mezcla de la masa. Sigue mezclando, raspando los laterales del bol ocasionalmente, hasta obtener una pasta homogénea con la consistencia similar a la mantequilla de maní. Reserva la pasta y deja descansar 15 minutos.",Coloca: el tamal parado en la canasta de vapor. Rellena las otras hojas con la pasta hasta usar todo el relleno. Lleva a hervor el agua de la cacerola.:Cubre la cacerola y deja que los tamales se cocinen al vapor hasta que la pasta esté firme al tocarla y se separe fácilmente de la hoja aproximadamente 90 minutos. Agrega agua a la cacerola según sea necesario. Deja reposar 10 minutos.,"CONSEJO:: Para que los tamales queden parados en la canasta de vapor, coloca bollitos de papel de aluminio entre ellos.",,,,,,,15,1-34 tazas,1 cdta.,1 cdta.,¼ taza,1 lata 20 oz,1 lata 6 oz,½ tableta,½ taza,½ taza,,,,,
49,Mermelada de piña,Postre,"delicioso , disfruta , dulce , fácil , mermelada , piña , tropical","Piña triturada DOLE, con jugo",Agua,Azúcar,Sal,Jugo de lima,Pectina instantánea,,,,,,,,,,"Mezcla: la piña y el agua en una cacerola pequeña, y cocina a fuego medio-bajo hasta que la piña esté blanda aproximadamente 35 minutos. Retira del fuego.","Mezcla: el azúcar, la sal y el jugo de lima. Deja refrigerar durante 20 minutos.",Vierte: la mermelada en un frasco con una cuchara y colócale una tapa que quede firme. Se puede conservar en el refrigerador durante un máximo de 3 meses.,,,,,,,,1 lata 20 oz,1 taza,23 taza,1 pizca,2 cdas.,2 cdas.,,,,,,,,,
50,Torta de naranja y glasé con forma de rosa,Postre,"casera , con té o café , delicioso , esponjoso , glasé , naranja , pastel , riquísima , sencillo , torta",,,,,,,,,,,,,,,,"Precalienta: el horno a 350 °F. Rocía el molde para torta con forma de rosa con rocío para hornear con harina, o aceita y enharina el molde. Exprime las naranjas",,,,,,,,,,,,,,,,,,,,,,,,
51,Sangría navideña,Bebida,"bebidas , brandy , celebración , deliciosa , frutas , navidad , piña , rumba , sabor , sangría , vino tinto","Mezcla de frutas DOLE, parcialmente descongeladas",Brandy,Azúcar,Vino tinto,Jugo de piña DOLE,,,,,,,,,,,"Coloca: la mezcla de frutas, el brandy y el azúcar en una jarra de 2 o 3 cuartos, y mezcla.",Lleva: al refrigerador durante 6 a 8 horas.,Sirve: con hielo.,,,,,,,,3 tazas,½  taza,2 cdas.,2 botellas 750 ml cada una,2 tazas,,,,,,,,,,
52,Ponche de fruta,Bebida,"bebida , canela , coco , fiestas , fruta , guaba , hervir , hibisco , piloncillo , piña , ponche , tradicional","Néctar de guaba, al gusto",Jugo de piña DOLE,Agua,Pétalos de hibisco,Coco rallado,"Fruta tropical DOLE, con el jugo",Almíbar de tecojote,Ramas de canela,"Piloncillo, al gusto",,,,,,,"Mezcla: el néctar de guaba, el jugo de piña, el agua, el hibisco, el coco, la fruta tropical, el piloncillo, el tecojote y la canela en una cacerola grande.",Deja: hervir durante 10 minutos.: Sirve tibio.,,,,,,,,,3 tazas,1 lata 46 oz,6 tazas,13 taza,14 taza,2 latas 15.25 oz,1 taza,3,,,,,,,
53,Coquito de piña,Bebida,"bebida , canela , coquito , crema de coco , delicioso , fiestas , frío , leche condensada , licor , piña , ron","Piña en trozos DOLE, con el jugo",Leche evaporada,Leche condensada azucarada,Crema de coco,Ron blanco,Canela,Nuez moscada molida,Extracto de vainilla,,,,,,,,"Coloca: en una licuadora la piña, la leche evaporada, la leche condensada azucarada, la crema de coco, el ron, la canela, la nuez moscada y el extracto de vainilla.",Tapa: y licúa hasta obtener una mezcla homogénea.,Sirve: bien frío.,,,,,,,,1 lata 20 oz,1 lata 12 oz,34 taza,14 taza,34 taza,14 cdta.,14 cdta.,14 cdta.,,,,,,,
54,Bol de licuado verde,Entrada,"batidos , chia , coco , delicioso , energía , frutas , jugo , licuado , néctar , nutrición , saludable , verde",Mezcla de frutas y verduras congeladas DOLE Fruit ‘n Greens,Leche de coco,"Aguacate, pelado y picado",Granola,Rodajas de almendras,Semillas de chía,"Arándanos congelados DOLE, parcialmente descongelados","Kiwi, pelado y en rodajas",Néctar de agave o miel,,,,,,,"Coloca: la mezcla de frutas congelada, la leche de coco y el aguacate en una licuadora. Tapa y licúa hasta obtener una mezcla homogénea, raspando hacia abajo los bordes según sea necesario.","Decora: los licuados con granola, almendras, chía y frutas. Esparce néctar de agave.",,,,,,,,,2 tazas,12 Taza,1-abr,2 cdtas.,1 cda.,2 cdtas.,¼ taza,1,2 cdtas.,,,,,,
55,Batido especial,Entrada,"batido , col rizada , delicioso , frutas tropicales , smoothie , vegetales","Hojas de col rizada, sin tallo duro",Mezcla de frutas tropicales y vegetales verdes DOLE ,Arándanos azules,Mantequilla de almendra,Extracto de vainilla,Hasta la línea de MAX agua de coco,,,,,,,,,,Combina: todos los ingredientes en el envase alto de NutriBullet y bátelos hasta obtener una mezcla homogénea.,,,,,,,,,,50%,1 taza,34 taza,1-12 cda.,14 cdta.,,,,,,,,,,
56,Torta cítrica fría con piñas y galletas María,Postre,"pastel , piña , postre , rica , sencilla , torta , tropical",Leche condensada azucarada,Leche evaporada,Jugo de lima,Jugo de limón,Galletas María,"Piñas trituradas DOLE, sin el jugo quitárselo usando un colador",,,,,,,,,,"Mezcla: la leche condensada, la leche evaporada, el jugo de lima y el jugo de limón en una licuadora. Cubre y licúa hasta obtener una mezcla homogénea y espesa.",Esparce: una capa delgada de la mezcla de leche en la base de un molde para tarta de 9 in x 9 in. Coloca una sola capa de galletas sobre la mezcla de leche. Continúa formando capas de la mezcla de leche y las galletas hasta obtener 4 capas de galletas. Forma la última capa con la mezcla de leche. Esparce piñas de manera uniforme sobre la mezcla de leche.,,,,,,,,,1 lata 14 oz,1 lata 12 oz,½ taza,¼ taza,1-12 paquete,1 lata 20 oz,,,,,,,,,
57,Anillos de piña cubiertos con chocolate y coco,Postre,"chocolate semiamargo , coco rallado , dulce , fruta , piña chocolateada , postre , simple","Rodajas de piña DOLE, sin nada de jugo",Chispas de chocolate semiamargo,Coco rallado tostado y sin azúcar,Sal marina,,,,,,,,,,,,Precalienta: el horno a 200 °F.,Coloca: las piñas en una rejilla de alambre sobre una placa para horno. Hornea durante 45 a 60 minutos o hasta que las piñas pierdan todo el jugo.,Sumerge: las piñas en el chocolate y colócalas en una placa para horno forrada con papel de cera.,Espolvorea: coco y sal sobre las piñas. Lleva al refrigerador durante 15 minutos.,,,,,,,1 lata 20 oz,4 oz,2 cdas.,1 cdta.,,,,,,,,,,,
58,Bocaditos de piña envueltos en tocino,Entrada,"bocaditos , brochetas , fácil , miel , piña , pincho , riquísimas , sabroso , tocino",Rebanadas de tocino,"Trozos de piña DOLE, sin el jugo",Miel,Polvo de chile chipotle,"Cebollita de verdeo cortada en rodajas finas, guarnición opcional",,,,,,,,,,,Precalienta: el horno a 400º F. Cubre una charola para hornear con papel de aluminio y coloca una rejilla de horno encima.,Corta: cada rebanada de tocino por la mitad.,Rocía: los bocaditos con miel y espolvorea levemente con el polvo de chile chipotle.,"Hornea: por 30 minutos, dando vuelta cada pincho después de 15 minutos, o hasta que el tocino esté crocante. Agrega la cebollita de verdeo como guarnición si lo deseas.",,,,,,,1 lb.,1 lata 20 oz,2 cdas.,14 a 12 cdtas.,1 cda.,,,,,,,,,,
59,Piña Colada,Bebida,"bebida , cóctel , cremosa , deliciosa , piña colada , ron , tropical",,,,,,,,,,,,,,,,"Combina: el jugo de piña, el ron, la crema de coco y el hielo en una licuadora. Cúbrela",,,,,,,,,,,,,,,,,,,,,,,,
60,Margarita de piña,Bebida,"cóctel , delicioso , dulzura , frappé , margarita , piña , pineapple margarita , sencillo , tequila",,,,,,,,,,,,,,,,"Combina: el jugo de piña, el tequila, el triple sec, el jugo de limón y el hielo en una licuadora. Cúbrela",,,,,,,,,,,,,,,,,,,,,,,,
61,Ensalada Latina de Piña Para LLevar,Postre,"aguacate , berro , crujiente , cubana , dulce , ensalada , fruta , piña , sabroso",,,,,,,,,,,,,,,,"Combina: el aceite de oliva, el ajo, el jugo de lima, el comino, el néctar de agave y el aguacate en el procesador de alimentos. Cúbrelos",,,,,,,,,,,,,,,,,,,,,,,,
62,Pisco sour con piña,Bebida,"bebida , cóctel , exquisito , piña , pisco sour , tropical",Pisco,Jugo de lima,Jugo de limón,Jarabe común,"Trozos de piña DOLE, sin el jugo reserva el jugo",Clara de huevo pasteurizada,,,,,,,,,,"Mezcla: el pisco, el jugo de lima, el jugo de limón, el jarabe común, 1 ½ oz del jugo de piña reservado y la clara de huevo en una coctelera llena de hielo. Agita hasta obtener una bebida espumosa y sirve en un vaso. Decora con la piña.",,,,,,,,,,1 ½ oz,½ oz,½ oz,½ oz,1 lata 8 oz,½ oz,,,,,,,,,
63,Alitas de pollo con salsa de chile habanero y piña,Entrada,"alitas de pollo , aperitivo , chile habanero , deliciosas , original , picante , piña , salsa",Harina,Ajo en polvo,Cebolla en polvo,Sal,Pimiento de Cayena,Alitas de pollo,Manteca,"Chile habanero, sin semillas y cortado",Piña triturada DOLE sin el jugo,Miel,Salsa picante,,,,,Precalienta: el horno a 400 °F.,"Mezcla: la harina, el ajo en polvo, la cebolla en polvo, la sal y el pimiento de Cayena en un bol grande. Bate bien. Agrega las alitas de pollo y voltéalas hasta cubrirlas.",Lleva: las alitas al refrigerador durante 30 minutos.,"Hornea: las alitas durante 30 a 40 minutos, o hasta que estén crujientes y doradas.",Mientras tanto: derrite la manteca en una cacerola grande. Agrega el chile habanero y la piña. Saltea hasta que el chile se ablande. Pasa la mezcla a un procesador de alimentos o una licuadora.,Agrega: la miel y la salsa picante a la mezcla de piña de la licuadora. Tapa y licúa hasta obtener una consistencia homogénea. Mantén la salsa caliente para cubrir el pollo cuando esté listo.,Cubre: las alitas de pollo con la salsa caliente.,,,,¾ taza,½ cdta.,¼ cdta.,½ cdta.,¼ cdta.,6 lb,5 cdas.,1,1 lata 20 oz,1 ½ cdtas.,13 taza,,,,
64,Ponche de ron con piña y menta,Bebida,"bebida , jengibre , menta , navidad , piña , ponche , ron , tradicional",Menta fresca,Ron dorado,Trozos de piña Dole fríos,Cerveza de jengibre fría,,,,,,,,,,,,"Coloca: la menta y el ron en una jarra. Machaca la menta, y agrega la piña y la cerveza de jengibre. Mezcla y sirve con hielo.",,,,,,,,,,4 hojas,13 taza,1 lata 20 oz,23 taza,,,,,,,,,,,
65,Pastel pequeño de bayas,Postre,"bayas , colorida , dulce , fácil , pastel , pequeña , sabroso , torta",Jugo de naranja,Harina de maíz,"Mezcla de bayas DOLE congeladas, parcialmente descongeladas",Azúcar,Mermelada de naranja,Galletas dulces preparadas,Crema batida con azúcar preparada,,,,,,,,,"Mezcla: el jugo de naranja con la harina de maíz en una cacerola mediana. Agrega las bayas, el azúcar y la mermelada. Lleva a hervor, revolviendo ocasionalmente. Baja el fuego y cocina durante 2 minutos, revolviendo, o hasta que la salsa se espese. Deja enfriar o lleva al refrigerador.",Corta: las galletas dulces preparadas por la mitad. Coloca el glasé de bayas sobre una mitad de la galleta. Agrega una cucharada repleta de crema batida y coloca la otra mitad para tapar. Agrega el glasé adicional y la crema batida sobre la galleta.,,,,,,,,,12 taza,1 cda.,1 paquete 12 oz,14 taza,1 cda.,6,,,,,,,,,
66,Caipiriña de piña,Bebida,"bebida , caipirinha , cóctel , espumosa , licor , piña , refrescante , sencillo",Cachaza,Azúcar morena,Lima exprimida,"Rodajas de piña DOLE, sin el juego reservar el jugo",,,,,,,,,,,,"En una coctelera llena de hielo, mezcla la cachaza, el azúcar morena, la lima y 3 oz. del jugo de piña reservado. Agita hasta obtener una bebida espumosa y sirve en un vaso. Decora con rodajas de piña.",,,,,,,,,,2 oz,1 cdta.,1,1 lata 8 oz,,,,,,,,,,,
67,Aguardiente Sour con piña,Bebida,"aguardiente sour , bebida , cóctel , delicioso , fácil , piña",Aguardiente,Limas exprimidas,"de rodajas de piña Dole, sin el jugo reservar el jugo",Azúcar  impalpable,Clara de huevo pasteurizada o 3 cdas. de sustituto de clara de huevo pasteurizada,,,,,,,,,,,"En una coctelera llena de hielo, mezcla el aguardiente, las limas, 2 oz. del jugo de piña reservado, el azúcar impalpable y la clara de huevo. Agita hasta obtener una bebida espumosa y sirve en un vaso. Decora con piña.",,,,,,,,,,2 oz,2,1 lata 8 oz,1 cda.,1,,,,,,,,,,
68,Ponche de piña y sandía,Bebida,"bebida , exquisito , piña , ponche , refrescante , sandía , tropical",Jugo de piña DOLE frío,Jugo de sandía frío,Ginger ale frío,Jugo de naranja concentrado congelado descongelado,Cubos de hielo,Rodajas de naranja y fresas para decorar,Se puede usar ½ lata 12 oz de jugo de naranja concentrado.,,,,,,,,,"Mezcla: el jugo de piña, el jugo de sandía, el ginger ale y el jugo de naranja concentrado en un bol para ponche. Agrega el hielo.","Decora: con rodajas de naranja y fresas, como lo desees.",,,,,,,,,1 lata 46 oz,1 botella 32 oz,1 botella 1 litro33.8 oz,1 lata 6 oz,,,NOTA,,,,,,,,
69,Empanadas chilenas de carne,Entrada,"aceitunas , almidón de maíz , azúcar , carne , chile , chilenas , empanadas , hojaldre , olivas , piña , relleno , tapas de empanada , uvas",,,,,,,,,,,,,,,,Mide: 7 cucharaditas de jugo de piña de la lata y sepáralo. Agrega los trozos de piña y el jugo restante de la lata en la licuadora. Cúbrela,,,,,,,,,,,,,,,,,,,,,,,,
70,Empanadas venezolanas,Entrada,"arepas , carne molida , carne picada , empanadas , empanadas venezolanas , piña , relleno para empanadas , venezuela",Carne picada de res,"Adobo con comino, para saborizar","Aceite de maíz, más otra cantidad para freir",Cebolla finamente picada,"Dientes de ajo, finamente picados",Pimientos verdes picados,Pimientos rojos picados,"Piñas trituradas DOLE Crushed Pineapple, escurridas",Salsa de tomate,Sazonador sin achiote,"Harina precocida de maíz amarillo, preparada según las indicaciones del paquete",,,,,"Condimenta: la carne con el adobo. Calienta 1 cucharada de aceite a fuego medio. Agrega la carne y cocínala hasta que ya no esté rosada, cerca de 7 minutos. Incorpora la cebolla, el ajo, los pimientos, la piña, la salsa de tomate y la sazón. Cocina, revolviendo con frecuencia hasta que la salsa se reduzca, cerca de 20 minutos. Deja enfriar durante 15 minutos.",Saca ¼: de taza de masa de maíz amarillo preparada y forma una bola. Extiende la bola entre hojas de papel encerado hasta formar un círculo de 18 pulgadas de ancho y 5 pulgadas de diámetro.  Coloca 2 cucharadas de relleno en la mitad del círculo. Utiliza el papel encerado para cerrarla y formar una media luna. Sella la empanada presionando el borde de un tazón invertido sobre la media luna. Repite hasta lograr 30 empanadas.,,,,,,,,,1 lb.,,1 cda.,1 taza,3,½ taza,½ taza,1 lata 8 oz.,1 lata 8 oz.,1 paquete,2 paquetes 2.2 lbs.,,,,
71,Helado tropical servido en tazones de churro,Postre,"churro , fruta , helado , naranja , tango , tropical",Trozos de piña DOLE,Fruta tropical DOLE sin el jugo,Naranjas DOLE sin el jugo,Leche condensada,Crema batida,Colorante amarillo para alimentos opcional,Extracto de vainilla dividido,Sal,Leche,Agua,Mantequilla,Azúcar,Harina,Huevos grandes,Canela en polvo,"Mezcla: en una licuadora, la piña, la fruta tropical, las naranjas, la leche condensada, la crema Chantilly, el colorante para alimentos, 1 cucharadita de vainilla y ½ cucharadita de sal, hasta obtener una consistencia homogénea. Coloca la mezcla en un molde para pan de 9 in x 5 in. Cubre con film de plástico y lleva al congelador durante al menos 4 horas.","Cocina:  en una cacerola mediana y a fuego medio la leche, el agua, la mantequilla, 1 cucharada de azúcar, 1 cucharadita de extracto de vainilla y ¼ cucharadita de sal. Sigue cocinando a fuego lento y revolviendo hasta que la mantequilla se derrita.","Precalienta:  el horno a 400 °F. Usa un molde para muffins pequeños por la parte de atrás, de manera que la parte inferior quede hacia arriba, y aceita ligeramente la parte externa de los 8 moldes. Con una punta para manga con forma de estrella, cubre completamente los moldes aceitados.",Hornea:  durante 30 a 40 minutos hasta que los churros estén dorados y crujientes.,"Mezcla: , mientras tanto, el 13 restante de la taza de azúcar y la canela. Coloca la preparación en una bolsa plástica resellable de un cuarto o de un galón.",Retira:  con cuidado los churros de los moldes y déjalos enfriar durante 5 minutos. Coloca un churro a la vez en la bolsa y agítala con cuidado hasta cubrirlo con el azúcar y la canela. Repite este paso con los churros restantes.,"Sirve:  una cucharada de helado de piña dentro de cada churro, como si fueran tazones",,,,1 Lata 8 oz,1 Lata 15.25 oz,1 lata 11 oz,1 Lata 14 oz,2 Tazas,5 Gotas,2 Cdtas,¾ Cdta,½ Taza,½ Taza,6 Cdas,13 taza y 1 cda,1 Taza,2,1 Cdta
72,Tacos de pescado con salsa de aguacate y frutas tropicales,PlatoFuerte,"aguacate , frutas , pargo , pescado , salsa , tacos , tropical",Mayonesa liviana,Jugo de limón o lima,Polvo de chile chipotle dividido,Lechuga romana DOLE finamente picada,,,,,,,,,,,,"Mezcla:  la mayonesa, el jugo de lima y ¼ cucharadita de polvo de chile chipotle en un bol pequeño y reserva la preparación.", Mezcla:  la lechuga romana y la col en un bol mediano y reserva la preparación., Dora:  los filetes de pargo de ambos lados en aceite caliente en una sartén grande antiadherente a fuego medio-alto durante 6 a 8 minutos o hasta que el pescado se desmenuce fácilmente. Retira de la sartén,,,,,,,,13 taza,3 cdas.,12 cdta.,1-12 taza,,,,,,,,,,,
73,Monas de Pascua con glaseado de piña,Entrada,"crushed , cuaresma , españa , grageas , huevo , monas , pascua , piña , recetas españolas , tradición",Levadura instantánea divididos,Agua tibia,Azúcar dividido,Harina común dividida,Leche,Piel de 1 limón,Aceite de oliva,Extracto de naranjas,Huevos,Piñas trituradas DOLE Crushed Pineapple,Azúcar,Una pizca de sal,Grageas decorativas,Huevos crudos coloreados no duros,,"Mezcla: 1 paquete de levadura, agua tibia y 1 cucharadita de azúcar en un tazón mediano. Deja reposar por 5 minutos.",Incorpora: ½ taza de harina. Mezcla hasta obtener una consistencia lisa. Reserva y deja reposar por 1 hora.,"Agrega: los 23 restantes de la taza de azúcar a la leche, revolviendo para que se disuelva. Agrega los 2 paquetes de levadura restantes, el aceite de oliva, el extracto de naranjas, 2 huevos batidos y la mezcla de levadura reservada. Bate para incorporar.",Incorpora: gradualmente las 4 tazas de harina restantes y amasa hasta que se haya formado un bollo ligeramente pegajoso.,"Coloca: el bollo en un tazón grande, ligeramente aceitado. Cubre con papel film. Revisa luego de 2 horas o hasta que el bollo haya duplicado su tamaño.","Agrega: mientras tanto, la piña triturada DOLE en una licuadora o procesador de alimentos. Procesa hasta lograr una consistencia lisa. Agrega al puré de piña, el azúcar y la sal en una cacerola pequeña. Cocina a fuego medio-bajo hasta que entre en ebullición. Llevar a ebullición lenta por 5 minutos. Reservar para que se enfríe.","Divide: el bollo en 8 porciones iguales. A cada porción dale la forma de una hebra de 10"" de largo. Junta 2 hebras y apriétalas en las puntas. Entrelaza las hebras para formar una espiral. Une los extremos de las hebras para formar un círculo. Coloca un huevo coloreado en el medio del círculo.","Dispón: una hoja de papel para hornear y coloca las monas encima. Cúbrelas con papel film no muy ajustado. Deja reposar en un lugar cálido, libre de corriente de aire, hasta que leude, cerca de una hora.",Precalienta: el horno a 350°F y hornea durante 30 minutos o hasta que las monas estén doradas.,"Pincela: la superficie con el glaseado de piña y si lo deseas, decora con las grageas.",3 paquetes,½ taza,23 taza más 1 cdta,4-12 tazas,½ taza,,3 cdas.,1 cdta.,2,1 lata 8 oz,1 taza,,,4,
74,Mimosa tropical,Bebida,"bebidas , champán , cóctel , duraznos , elegante , fácil , fiestas , fruta tropical , mimosa , naranja , piña , refrescante",Jugo de piña DOLE,Champán,"Trozos de piña, naranja, rodajas de duraznos o fruta tropical DOLE",,,,,,,,,,,,,Vierte: aproximadamente 2 ½ onzas de jugo de piña en cada vaso y agrega aproximadamente 4 onzas de champán.,Coloca: varios trozos de fruta en pinchos de bambú para decorar las mimosas.,,,,,,,,,3 latas 6 oz,1 botella  750 ml,1 tarro 23.5 oz,,,,,,,,,,,,
75,Empanadas mexicanas de piña y coco,Entrada,"coco , empanadas , hojaldre , leche condensada , mexicanas , méxico , pastelería , piña , relleno , tapas de empanada","Piña en trozos DOLE Pineapple Tidbits, escurrida",Crema de coco,Leche condensada,Copos de coco endulzados,,,,,,,,,,,,"Agrega: los trocitos de piña a una sartén sobre fuego medio-alto. Cocina por 5 minutos revolviendo de vez en cuando, o hasta que la piña esté dorada y el líquido se haya evaporado.","Incorpora: la crema de coco, la leche condensada, los copos de coco, la vainilla, la canela y la sal. Lleva a ebullición a fuego lento, revolviendo de vez en cuando, hasta que la mezcla esté espesa y almibarada, aproximadamente 10 minutos. Coloca en un tazón y deja enfriar por 1 hora.",,,,,,,,,1 lata 20 oz,1 lata 15 oz,2 cdas.,2 tazas,,,,,,,,,,,
76,Empanadas argentinas,Entrada,"aceitunas , argentinas , chorizo argentino , empanadas , hojaldre , piña , pollo , tapas de empanada",,,,,,,,,,,,,,,,"Calienta: el aceite en una sartén grande a fuego medio-alto. Condimenta el pollo con el adobo. Agrega el pollo a la sartén con la piel hacia abajo. Dora el pollo, dándolo vuelta una sola vez, hasta dorar ambos lados, alrededor de 7 minutos. Colócalo en un plato.","Agrega: el chorizo, las cebollas, el ajo, la paprika, las aceitunas u olivas y la piña a la misma sartén. Cocina por 6 minutos revolviendo de vez en cuando. Agrega las uvas pasas y el caldo de pollo a la sartén y lleva a ebullición. Agrega el pollo con la piel hacia arriba. Cubre la sartén",,,,,,,,,,,,,,,,,,,,,,,
77,Avena rápida con frutas tropicales,Desayuno,"almendras , avena , chia , desayuno , fruta tropical , frutas",de avena preparada,de frutas tropicales DOLE,Semillas de chía para decorar,Almendras fileteadas para decorar,,,,,,,,,,,,"Agrega: 12 taza de frutas tropicales escurridas sobre la avena preparada y decora con semillas de chía y almendras, si lo deseas.",,,,,,,,,,1 taza,1 frasco 23.5 oz,opcional,opcional,,,,,,,,,,,
78,Pops de margarita con piña,Bebida,"bebida alcohólica , bolis , bolsas para pops , brindis , cinco de mayo , dole pineapple juice , independencia méxico , margarita , méxico , paletas , palito , piña , polo , pops , popsicle , tequila , triple sec",Jugo de piña DOLE Pineapple Juice,Tequila blanco,Triple sec,Sal,Jugo de limón verde,Azúcar,Bolsas para paletas heladas o popsicles,,,,,,,,,"Mezcla: el jugo, el tequila, el triple sec, la sal, el jugo de limón verde y el azúcar en una jarra medidora grande. Revuelve bien hasta que el azúcar y la sal se disuelvan.",Vierte: la mezcla en las bolsas para paletas heladas usando un embudo y congela durante cuatro horas o toda una noche.,,,,,,,,,3 latas 6 oz,1 ½ oz,1 ½ oz,¼ cdta.,2 ¼ oz,1 cdta.,6,,,,,,,,
79,Mimosas de frutos del bosque y piña,Bebida,"almuerzo , aniversario , bayas , bebida alcohólica , berreis , brindis , brunch , día de la madre , dole pineapple juice , frutos del bosque , helado , jugos de piña dole , mimosa , nieve , piña , sorbete , vino espumante",Sorbete o helado de agua de fresa o frambuesa,"Jugo de piña DOLE Pineapple Juice, frío","Vino espumante, frío",,,,,,,,,,,,,Coloca : una pequeña cucharada de sorbete en cada vaso. Agrega 2 oz de jugo de piña y llena con vino espumante.,,,,,,,,,,1 pinta,2 latas 6 oz,2 latas 6 oz,,,,,,,,,,,,
80,Taquitos de pastel de queso y piña,Postre,"cáfe , cafesito , crema , crema agria , cremoso , desayuno , méxico , piña , postre , taquitos , tortillas de harina",Queso cremoso blando,"Piñas trituradas DOLE Crushed Pineapple, escurridas conserve el jugo",Crema agria,"Azúcar, separadas",Extracto de vainilla,Sal,Tortillas de harina del tamaño de una fajita,Mantequilla derretida,Canela en polvo,,,,,,,Precalienta: el horno a 350 °F.,"Mezcla: el queso cremoso, 2 cucharaditas del jugo de piña reservado, la crema agria, 1 cucharadita de azúcar, la vainilla y la sal en un tazón grande. Bate hasta lograr una consistencia lisa y cremosa.",Calienta: las tortillas en el microondas durante 10 segundos hasta que se ablanden.,"Vierte: 3 cucharaditas colmadas de la mezcla en el centro de cada tortilla. Enrolla, apretando bien. Repite con las tortillas restantes y el relleno de pastel de queso."," Coloca: la mantequilla derretida en un plato llano. En un plato llano aparte, mezcla la ½ taza de azúcar restante y la canela. Colombia.","Pasa: las tortillas rellenas por la mantequilla, luego haz lo mismo pero con la mezcla de azúcar y canela hasta que estén completamente cubiertas.",Coloca: los taquitos en una bandeja para horno forrada con papel encerado. Repite con taquitos restantes.,Hornea: durante 25 minutos o hasta que se doren y estén crujientes. Retira del horno y deja enfriar durante 5 minutos antes de servir.,,,1 paquete 8 oz,2 latas 8 oz,2 cdtas.,½ taza y 1 cdta.,1 cdta.,1 pizca,8,¼ taza,1 ¼ cdtas.,,,,,,
81,Burritos de vegetales asados,Entrada,"berenjena , burrito , calabacín , calabacita , cebolla , cebolla morada , crema agria , estados unidos , méxico , pimiento , piña , piñas en trozos dole , queso , receta mexicoamericana , tortilla , tortilla de harina , vegetales , verduras",Piñas en trozos DOLE Pineapple Chunks escurridas conserve el jugo,Crema agria baja en calorías,Cilantro fresco finamente picado,Aceite de oliva,Dientes de ajo finamente picados,Berenjena tamaño mediano pelada y cortada en rodajas de 1 pulgada,Sal,Pimiento rojo o verde cortado en rodajas finas,Calabacita o calabacín tamaño mediano cortado en rodajas finas,Cebolla morada tamaño mediano cortada en rodajas finas,Tortillas de harina de 8 pulgadas,Queso pepper jack rallado,,,,Escurre: los trozos de piñas y conserva 14 de taza del jugo.,"Revuelve: la crema agria, el jugo de las piñas y el cilantro en un tazón pequeño. Resérvalos. Revuelve el aceite y el ajo en otro tazón pequeño. Resérvalos.","Mezcla: la piña, la berenjena, el pimiento, la calabacita y la cebolla con la mezcla de ajo y aceite. Ponlos en una bandeja para asar vegetales. Coloca la bandeja para asar en la parrilla y cocina, revolviendo ocasionalmente, por 20 minutos o hasta que los vegetales estén tiernos.",Divide: las piñas y los vegetales y sírvelos de manera uniforme en las tortillas. Agrega queso encima. Dobla los lados de la tortilla y enróllala. Pon el pliegue de los burritos hacia abajo en la parrilla.,"Cocina: de 8 a 10 minutos o hasta que el queso se derrita. Sirve los burritos con la mezcla de crema agria. Si lo deseas, decora con salsa y con aguacate en rodajas.",,,,,,1 lata 20 oz,12 taza,14 taza,3 cdas.,2,½,1 cdta.,1,1,1,6,3 tazas 12 oz,,,
82,Crujiente de piña,Entrada,"avena , azúcar , cocina microondas , horno microondas , piña , piñas en trozos dole","Piñas en trozos DOLE Pineapple Chunks, escurridas",Avena triturada,Azúcar moreno compacto,Piña en trozos DOLE en almíbar,,,,,,,,,,,,Pon: una taza de trozos de piña escurridos en una sartén pequeña de hierro fundido.,Mezcla: la avena y el azúcar moreno. Agrégalos a los trozos de piña y revuelve. Coloca la sartén en una parrilla y cocina por 10 minutos o hasta que esté caliente.,,,,,,,,,1 frasco 23.5 oz,¼ taza,1 cda.,,,,,,,,,,,,
83,Empanadas de piña con especias,Entrada,"almidón de maíz , anís , azúcar , canela , costa rica , empanadas , especias , hojaldre , piña , piñas en trozos dole , relleno , tapas de empanada",,,,,,,,,,,,,,,,"Mezcla: la piña, 13 de taza de la reserva de juego de piña, azúcar morena, almidón de maíz, anís, canela y sal en una cacerola mediana. Revuelve bien para integrar completamente los ingredientes. Lleva a ebullición a fuego lento, revolviendo a menudo, hasta que la mezcla esté espesa. Coloca en un tazón y deja enfriar por 1 hora.","Calienta: el horno a 400 °F. Extiende las masas de hojaldre con un palo de amasar sobre una superficie ligeramente enharinada hasta que alcancen un diámetro de unas 6"". Coloca 3 cucharaditas de relleno en medio de la masa. Humedece los bordes con huevo batido y dóblalos por la mitad para formar una media luna. Presiona suavemente los bordes y séllalos con los dientes de un tenedor",,,,,,,,,,,,,,,,,,,,,,,
84,Yerba mate con piña,Bebida,"argentina , bebida , bebida con cafeína , bebidas , brasil , chimarrão , cimarrón , desayuno , dole pineapple juice , guaraní , infusión , mate , mateína , piña , saquito , té , uruguay , yerba mate",Jugo de piña DOLE Pineapple Juice,Agua,Yerba mate,,,,,,,,,,,,,Vierte: el jugo de piña y el agua en una cacerola pequeña. Hierve a fuego medio.,Retira: del fuego y agrega el saquito. Déjalo por 5 minutos.,,,,,,,,,¼ taza,¾ taza,1 saquito,,,,,,,,,,,,
85,Crepas brasileñas de tapioca con piña,Postre,"brasil , brasileñas , coco , crepa , crepas , crepe , desayuno , dolecrushedpineapple , leche condensada , piña , postre , tapioca","Piñas trituradas DOLE CrushedPineapple, escurridas conserva el jugo",Almidón de tapioca,Sal,Leche condensada,Coco rallado sin azúcar,,,,,,,,,,,Calienta: una sartén antiadherente a fuego medio. Agrega la piña y sofríela hasta que esté dorada y seca durante aproximadamente 8 minutos. Reserva para que se enfríe.,Vierte: almidón de tapioca en un tazón mediano.,Coloca: una coladera o tamiz de malla fina sobre un tazón limpio y cuela la mezcla de almidón con la ayuda de una cuchara para filtrarla.,"Calienta: una sartén antiadherente pequeña a fuego medio. Esparce una capa fina de almidón de manera uniforme en la sartén. Cocina la crepa por 30 segundos de un lado, luego dale vuelta y cocínala por otros 30 segundos.",Repite: el proceso para preparar las demás crepas.,Rellena: cada crepa con 3 cucharaditas de piñas trituradas y corónalas con leche condensada y coco.,,,,,1 lata 20 oz,1 taza,¼ cdta.,,,,,,,,,,,,
86,Salchicha huachana con piña,PlatoFuerte,"almuerzo , brunch , cena , cerdo , chancho , chorizo , desayuno , embutido , huacho , huevo , huevos batidos , huevos revueltos , perú , puerco , salchicha huachana",Salchicha huachana,"Piñas trituradas DOLE Crushed Pineapple, escurridas","Sal y pimienta, al gusto",Huevos batidos,,,,,,,,,,,,"Retira: la piel que envuelve a la salchicha y desmenuza la carne en un tazón mediano. Agrega la piña al tazón y revuelve bien. Si lo deseas, condimenta con sal y pimienta.","Calienta: una sartén a fuego medio. Agrega la mezcla de salchicha y piña. Cocínala por 3 minutos, revolviendo frecuentemente con una espátula o cuchara de madera.",,,,,,,,,1 lb,2 latas 8 oz,,6-ago,,,,,,,,,,,
87,Hojaldres de piña,PlatoFuerte,"cáfe , cafecito , cena , desayuno , fiestas , hojaldre , masa , panamá , pastel , pastelito , piña , polvo de hornear , postre","Piñas trituradas DOLE Crushed Pineapple, escurridas conserva el jugo","Harina común, más la cantidad necesaria para amasar",Polvo de hornear,Azúcar,Sal,"Mantequilla sin sal, a temperatura ambiente",Aceite vegetal,,,,,,,,,"Calienta: una sartén antiadherente a fuego medio. Agrega las piñas y sofríe hasta que estén doradas y secas, alrededor de 8 minutos. Resérvalas para que se enfríen.",Mide ½: taza del jugo de piña reservado y sepáralo.,"Amasa: para que se incorporen completamente los ingredientes. Agrega más harina si la masa está muy pegajosa. Si la masa está seca, añade el jugo de piña de una cucharadita por vez. Continúa amasando hasta que la masa no se pegue en las manos.",Haz: una bola con la masa y cúbrela con papel plástico. Déjala reposar por 2 horas.,Calienta: 2 pulgadas de aceite en una cacerola a fuego medio. Forma bolitas de 2 pulgadas con la masa. Aplana las bolitas para formar discos y estíralos hasta que estén finos y planos.,"Fríelos: cuidadosamente en el aceite caliente hasta que estén dorados de cada lado, alrededor de 5 minutos.",Retíralos: del aceite y colócalos en un plato sobre servilletas de papel absorbente. Sírvelos calientes.,,,,1 lata 20 oz,2 tazas,1 cdta.,1 ½ cdtas.,1 ½ cdtas.,1 cdta.,,,,,,,,,
88,Atole de piña,Bebida,"atol , atole , bebidas , bebidas con historia , canela , cena , champurrado , chocolate , desayuno , dole pineapple juice , harina , masa , méxico , piña , tol",Jugo de piña DOLE Pineapple Juice,"Agua, separadas",Canela,Azúcar,Masa harina,,,,,,,,,,,"Vierte: el jugo de piña, 2 tazas de agua y la canela en una cacerola mediana. Calienta a fuego medio, revolviendo de vez en cuando, hasta que hierva.",Mezcla: la masa y la taza de agua restante. Revuelve bien hasta que la mezcla esté suave.,Agrega: azúcar y revuelve bien. Continúa cocinando durante aproximadamente 10 minutos o hasta obtener una consistencia espesa. Sírvelo caliente.,,,,,,,,2 latas 6 oz,3 tazas,1 rama,⅓ taza,6 cucharaditas,,,,,,,,,,
89,Palitos de queso colombianos con salsa de piña,PlatoFuerte,"almuerzo , bocadillo , botana , cena , colombia , comida , dole pineapple chunks , fiesta , merienda , palitos , palitos de queso , pasaboca , piña , piñas en trozos dole , pincho , queso , snack , venezuela",,,,,,,,,,,,,,,,Mide: 7 cucharaditas de jugo de piña de la lata y sepáralo.,Prepara: primero la salsa de piña vertiendo los trozos de piña y el jugo restante de la lata en la licuadora. Tapa,,,,,,,,,,,,,,,,,,,,,,,
90,Papaya Tonic con piña,Bebida,"agave , bebida , bebida no alcohólica , brindis , cúrcuma , desayuno , dole pineapple chunks , energía , energizante , jengibre , licuado , miel , néctar de agave , papaya , piña , piñas en trozos dole , tonic , verano , zanahoria","Piñas en trozos DOLE Pineapple Chunks, con jugo",Papaya fresca en trozos,Zanahorias picadas,Jengibre en polvo,Cúrcuma en polvo,Agua,"Miel o néctar de agave, al gusto",,,,,,,,,"Vierte: la piña, la papaya, las zanahorias, el jengibre, la cúrcuma y el agua en la licuadora. Tapa y licúa hasta obtener una consistencia lisa.",Cuela: el jugo con un tamiz de malla fino y sirve con hielo.,,,,,,,,,1 lata 20 oz,1 taza,½ taza,¼ cdta.,¼ cdta.,2 ½ tazas,,,,,,,,,
91,"Margarita picante de piña, sin azúcar",Bebida,"bebida alcohólica , chile , jalapeño , jugo de piña dole® , licor de naranja , limas , limón , margarita , méxico , picante , sin azúcar , tequila blanco",Condimento chile y limón,Jugo de piña DOLEPineapple Juice,Tequila blanco,Licor de naranja,Jalapeño fresco,Limones verdes exprimidos,,,,,,,,,,"Coloca: en el borde del vaso el condimento de chile y limón, y llénalo con hielo.","Mezcla: el jugo, el tequila, el licor de naranja, el jalapeño y el limón dentro de un mezclador. Agítalo bien y viértelo sobre el hielo.",,,,,,,,,,2 oz,2 oz,½ oz,1 rebanada,2,,,,,,,,,
92,Sorbete de Piña Colada,Bebida,"bebida , bebida alcohólica , brindis , crema de coco , dole , helado , isla , jugo de piña , jugo de piña dole® , nieve , piña colada , ron , sorbete , vacaciones",Jugo de piña DOLE Pineapple Juice,Crema de coco,Jugo de 1 limón verde o lima,Ron de coco,,,,,,,,,,,,"Mezcla: el jugo de piña, la crema de coco, el jugo de lima o limón y el ron en un recipiente. Bate bien para integrar los ingredientes.",Vierte: la mezcla en un contenedor hermético y déjalo en el congelador por lo menos 4 horas.,,,,,,,,,3 tazas,1 taza,,2 cdtas.,,,,,,,,,,,
93,Mojito Patriótico,Bebida,"arándanos dole® , bebida , bebida alcohólica , fresas en rodajas dole® , gaseosa , hojas de menta , jugo de lima , lima , mojito , mora azul , moras , ron blanco , soda fría",Hojas de menta fresca,Azúcar,Fresas congeladas en rodajasFrozen DOLE Sliced Strawberries,Arándanos o mora azul congelados Frozen DOLE Blueberries,Jugo de limón verde o lima,Ron Blanco,Gaseosa o soda fría,Hielo en cubos según sea necesario,,,,,,,,"Machaca :las hojas de menta, el azúcar, los arándanos y el ron en una jarra. No machaques de más.",Agrega: el jugo de limón o lima. Revuelve bien. Agrega gaseosa.,,,,,,,,,¼ taza,3 cdtas.,1 taza,1 taza,1 taza,¾ taza,1 taza,,,,,,,,
94,Masas Secas de Piña,Postre,"alfajores , alfajores de piña , argentina , caramel , delicioso , dulce de leche , extracto de almendra , extracto de vainilla , fiesta , manjar blanco , masas secas , perú , piñas trituradas dole® , postre , uruguay",,,,,,,,,,,,,,,,Precalienta: el horno a 350°F.,"Bate: en un tazón grande la mantequilla durante un minuto, agrega azúcar en polvo y sigue batiendo hasta que esté suave. Agrega los extractos de vainilla y almendra y sigue batiendo",,,,,,,,,,,,,,,,,,,,,,,
95,Arepas dulces venezolanas con piña,PlatoFuerte,"almuerzo , anís , arepas , azúcar , canela , cena , colombia , dole® crushed pineapple , harina de maíz precocida , p.a.n , pan , piña , queso blanco , venezuela",Piñas trituradas DOLE Crushed Pineapple escurridas reserva el jugo,Agua,Especias,Anís estrellado,Canela,Azúcar moreno,Harina de maíz precocida blanca o amarilla P.A.N. u otra harina para arepas,Sal,Aceite vegetal para freír,Queso blanco en trozos,,,,,,"Mezcla ¾: de taza del jugo de piña reservado y el agua en una cacerola mediana. Hierve a fuego lento y agrega especias, anís estrellado, canela y azúcar moreno. Retira del fuego y permite que se impregne durante 30 minutos.",Mezcla: la harina de maíz y la sal en un recipiente grande. Vierte la infusión con especias en el recipiente y elimina las especies. Vierte el líquido despacio en la mezcla de harina. Amasa hasta que se forme un bollo de masa suave. Agrega más agua con una cuchara de servir según sea necesario para que la masa sea más suave. Cúbrela con un trapo de cocina húmedo y déjala en reposo durante 20 o 30 minutos.,Calienta: el aceite a 375 °F en una sartén honda.,"Dale: forma a las arepas con las manos realizando redondeles de 2 pulgadas de diámetrio y 12 pulgada de grosor. Con cuidado, agrega las arepas al aceite, de 2 a 3 por vez, y fríelas hasta que estén doradas, aproximadamente 2 minutos. Dales vuelta una sola vez.","Escurre: sobre servilletas de papel. Cuando estén lo suficientemente frías para tomarlas con la mano, ábrelas por la mitad y agrégales 2 cucharaditas de la preparación de piña y queso.",,,,,,1 lata 8 oz.,1 taza,12 cdta.,3 vainas,1 a 2 rama,3 cdtas.,2 tazas,12 cdta.,,1 taza,,,,,
96,Patacones con salsa de piña,Entrada,"aceite vegetal , bananas , cebolla de verdero , cilantro , colomba , dole® pineapple tidbits , jalapeño , patacones , pimentónrojo , pimentónverde , pineapple salsa",Piñas en trozos DOLE Pineapple Tidbits escurridas,,,,,,,,,,,,,,,"Mezcla: los trozos de piña, ¼ taza de jugo de piña, los pimentones, la cebolla, el cilantro, los chiles y el jugo de limón en un tazón mediano. Refrigéralo hasta el momento de servir.","Calienta: el aceite en una sartén profunda a fuego medio. Coloca algunas rodajas de plátano en el aceite y fríelas hasta que se doren, alrededor de 3 minutos. Retíralas con una espátula y escúrrelas sobre servilletas de papel. Vuelve a repetir los pasos con las rodajas restantes.",,,,,,,,,1 lata 20 oz,,,,,,,,,,,,,,
97,Chicha morada de piña,Bebida,"bebida , bebida no alcohólica , brindis , canela , chicha morada , chicha morada de piña , clavos , dole pineapple juice , jugo de piña , maíz morado , perú , verano",Maíz morado seco,Jugo de piñas DOLE Pineapple Juice,Agua,Manzana roja en trozos,Vainas de canela,Clavos de olor enteros,Azúcar,Jugo de 1 limón verde o lima,,,,,,,,"Mezcla: el maíz, el jugo de piña, el agua, la manzana, las vainas de canela y los clavos de olor en una olla grande. Hierve y luego reduce el calor, tápala y cocínala a fuego lento durante una hora. Quita la tapa y cocínala durante otros 15 minutos a fuego lento para que se evapore el agua y los sabores se concentren.","Retira: la olla del fuego y permite que se enfríe a temperatura ambiente. Cuélala en una jarra y agrega azúcar y el jugo de limón. Pruébala y agrega más azúcar o jugo de limón, si lo deseas.",,,,,,,,,1 bolsa 16 oz,1 lata 46 oz,5 tazas,1,2,2,14 taza,,,,,,,,
98,Flan de Piña,Postre,"almidón , ecuador , flan , latinoamérica , leche , piña , postre , vainilla",,,,,,,,,,,,,,,,Precalienta: el horno a 350 °F. Cubre 8 moldes pequeños o ramequines con spray para cocinar o mantequilla,,,,,,,,,,,,,,,,,,,,,,,,
99,Carne Asada con Piña,Entrada,"bbq , carne asada , coñac , méxico , piña , piña en rodajas , vino blanco",Corte central para carne asada,Mantequilla o margarina,Coñac,Vino blanco,,,,,,,,,,,,Precalienta: el horno a 350°F.,Calienta: la mantequilla a fuego medio-alto en una sartén grande para horno. Coloca la carne en la sartén y cocínala hasta obtener un color marrón uniforme en ambos lados. Vierte coñac y vino sobre la carne en la sartén. Agrega sal y pimienta al gusto.,,,,,,,,,2-3 libras,1 cdta.,1-12 oz.,13 taza,,,,,,,,,,,
100,Pollo con Piña,Entrada,"bolivia , cebollas , piña , pollo , rebanadas de piña , ron",Pollo entero 5 a 6 libras,Aceite de oliva,Sal y pimienta negra molida a gusto,Piña en rodajas DOLE Pineapple Slices escurrida,,,,,,,,,,,,Precalienta: el horno a 400°F.,Espolvorea: el pollo con sal y pimienta y úntalo con aceite de oliva en una fuente para horno. Hornea durante 25 minutos.,,,,,,,,,1,1 a 2 cdta.,,1 lata 20 oz,,,,,,,,,,,
101,Arroz con Leche Tropical,Postre,"almendras , arroz , arroz con leche , canela , leche condensada , pasas , piña , postre , tropical",,,,,,,,,,,,,,,,"Calienta: 4 tazas de leche entera en una cacerola grande hasta que hierva, vierte el arroz crudo, la canela y la nuez moscada. Cocina, tapando la cacerola, a fuego medio-bajo durante 20 minutos o hasta que el arroz esté blando y haya absorbido todo el líquido",,,,,,,,,,,,,,,,,,,,,,,,
102,Brigadeiros de piña,Postre,"brasil , brazil , brigadeiro , leche condensada , piña , postre , yema",,,,,,,,,,,,,,,,"Incorpora: la leche condensada endulzada, las piñas trituradas, la mantequilla y la yema de huevo en una sartén mediana. Cocina a fuego bajo durante 15 a 20 minutos",,,,,,,,,,,,,,,,,,,,,,,,
103,Nuégados de Piña,Postre,"centro américa , harina , huevos , jarabe , nuégados , piña , polvo para hornear , postre , yemas",Harina común,Polvo para hornear,Sal,Huevos grandes,,,,,,,,,,,,"Mezcla: la harina, el polvo para hornear y la sal en un recipiente grande. Forma un hoyo en el centro y agrega los huevos, las yemas, la piña triturada y el 14 de taza de jugo.",Incorpora: hasta que estén bien unidos y la mezcla se vuelva una masa. Coloca la masa sobre una superficie enharinada y amasa suavemente. Agrega el resto de la harina para evitar que se pegue y hasta que esté suave. Cúbrela y déjala reposar durante 15 minutos.,,,,,,,,,3-34 tazas,1 cdta.,12 cdta.,4,,,,,,,,,,,
104,Terremoto de Piña,Postre,"chile , coco , cognac , coñac , helado , jugo de piña , piña , ron , vino , vino dulce , vino pipeño",Vino pipeño o vino dulce,Jugo de piña DOLE Pineapple Juice,Ron o coñac,Helado de piña o de coco y piña ligeramente derretido,,,,,,,,,,,,Vierte: el vino en una jarra o jarrón. Incorpora el jugo de piña y el ron.,Agrega: el helado en la jarra y revuelve hasta que se incorpore por completo.,,,,,,,,,3 tazas,13 taza,3 oz.,,,,,,,,,,,,
105,Torta al Pastor,Postre,"al pastor , baguette , bolillo , carne molida , carne picada , cerdo , mayonesa , méxico , piña , puerco , sándwich , taco al pastor , telera , torta",,,,,,,,,,,,,,,,"Coloca: los chiles en un recipiente con agua y déjalos remojar durante 20 minutos. Retíralos del agua, corta los tallos y quita las semillas.","Coloca: los chiles en una licuadora con el jugo de piña, la mejorana, el orégano, el ajo, 12 taza de cebolla, sal y pimienta. Tapa",,,,,,,,,,,,,,,,,,,,,,,
106,Margarita de caléndula o cempasúchil,Bebida,"bebida alcohólica , caléndula , cempasúchil , cóctel , día de los muertos , licor , margarita , méxico , tequila",Infusión de tequila de caléndula o cempasúchil,Jugo de piña DOLE Pineapple Juice,Licor sabor a naranja,Jugo de limón verde o lima fresco,,,,,,,,,,,,"Llenar: la coctelera con hielo. Verter el tequila, el jugo de piña, el licor y el jugo de lima. Agitar con fuerza. Colar y servir en un vaso lleno de hielo. Decorar con pétalos de caléndula y trozos triangulares de piña.","Infusión de tequila de caléndula:: Mezclar 1 taza de tequila con 14 de taza de pétalos de caléndula orgánica en un frasco con tapa. Dejar reposar hasta 1 semana. Cuando esté listo, colarlo.",,,,,,,,,2 oz.,2 oz.,1 oz.,1 oz.,,,,,,,,,,,
107,Tacos de filete y piña,PlatoFuerte,"carne asada , filete , méxico , national taco day , piña , tacos","Trocitos de piña DOLE Pineapple Tidbits, conservar 1 cucharadita del jugo",Salsa de soja,Dientes de ajo finamente picados,Jengibre fresco rallado,"Carne, churrasco o falda",Sal y pimienta negra molida a gusto,Tortillas de harina de 6 pulgadas,Salsa pico de gallo,Cebolla morada tamaño mediano cortada en rodajas finas,Hojas de cilantro frescas,,,,,,"Mezclar: la salsa de soja, el jugo de piña, el ajo y el jengibre en un recipiente pequeño. Verter sobre el churrasco en un recipiente grande utilizando un cepillo para cubrirlo. Deja reposar 20 minutos.","Calentar: el filete en una sartén grande a fuego medioalto, darle vuelta una vez y dejarlo cocinar entre 5 y 8 minutos o hasta el punto deseado. Quitar del fuego y dejarlo reposar durante 5 minutos. Cortar la carne en tiras finas. Servirlo en tortillas y cubrirlo con salsa, cebolla, bocaditos de piña y cilantro.",,,,,,,,,1 lata 8 oz,3 cdta.,2,1 cdta.,1-12 libras,,8,12 taza,1,12 taza,,,,,
108,Cobbler de piña,Postre,"cobbler , navidad , norteamericana , piña , postre","Galletas tea buiscuits, por separado","Azúcar morena compacta, por separado","Mantequilla derretida, por separado","Piña en trozos DOLE Pineapple Chunks, conservar 13 de taza de jugo",Almidón,Extracto de vainilla,Cardamomo molido,Jengibre molido,Harina común,,,,,,,Precalentar: el horno a 350 °F.,Colocar: 1 paquete de galletas en el procesador de alimentos. Tapar y mezclar hasta conseguir un molido fino. Colocar en un recipiente y mezclar 14 de taza de azúcar y 12 taza de mantequilla hasta que se integren completamente. Esparcir sobre una fuente cuadrada de 8 pulgadas.,Mezclar: el jugo y el almidón hasta que se disuelva por completo.,"Verter: los trozos de piña en una cacerola mediana, agregar la mezcla del jugo, el extracto de vainilla, el cardamomo y el jengibre. Cocinar a fuego mediano y revolver durante 3 minutos o hasta que la salsa se espese. Verter el contenido sobre la masa preparada.","Triturar: el 12 paquete de galletas restante. Mezclar las galletas, las 6 cucharaditas de mantequilla restantes y 12 taza de azúcar morena y harina hasta que se mezcle perfectamente. Esparcir sobre la mezcla de piñas.",Hornear: durante 45 minutos o hasta conseguir un color dorado con burbujas.,,,,,1-12 paquete 4.9 oz. cada uno,1 taza,12 taza más 6 cdts.,3 latas 20 oz. cada una,2 cdts.,1-12 cdta.,1 cdta.,12 cdta.,12 taza,,,,,,
109,Pernil asado,PlatoFuerte,"cena , cerdo , lechón , pernil , plato típico , puerco , puerto rico , tradicional",Paleta de cerdo,"Piñas trituradas DOLE Crushed Pineapple, escurridas",Dientes de ajo,Granos de pimienta,Orégano seco en trozos,"Sal kosher, por separado",Aceite de oliva,Vinagre blanco,"Piñas en trozos DOLE Pineapple Tidbits, sin escurrir",Canela molida,Nuez moscada molida,Sal kosher,,,,Precalentar: el horno a 300 °F.,"Quitar: la piel de la paleta de cerdo con un cuchillo afilado con cortes en forma de diamante. Colocar las piñas trituradas, el ajo, los granos de pimienta, el orégano, 4 cucharaditas de sal y aceite en el procesador de alimentos. Tapar y licuar hasta obtener una consistencia suave. Incorporar el vinagre.",Asar: durante 3 horas o hasta que el cerdo se vuelva tierno.  Dejar reposar el cerdo antes de rebanarlo.,"Mezclar: los bocaditos de piña, la canela, la nuez moscada y el resto de la sal en una cacerola mediana y calentar hasta que hierva. Bajar el fuego y dejar hervir a fuego lento durante 10 minutos para reducir y espesar la salsa. Servir con el cerdo.",,,,,,,1 de 4 a 6 lbs.,1 lata 8 oz.,4,4,1-14 cdta.,4-14 cdtas.,4 cdas.,2 cdtas.,1 lata 20 oz.,1 cdta.,12 cdta.,14 cdta.,,,
110,Natilla de Piña y Coco,Postre,"canela , coco , colombia , dulce , leche condensada , piña , postre , pudín",Piñas trituradas DOLE Crushed Pineapple escurridas conservar el jugo,"Almidón, por separado","Leche de coco sin azúcar, por separado",Ramas de canela,Leche condensada endulzada,Extracto de vainilla,Mantequilla,Azúcar,Canela molida,Lima o limón verde fresco exprimido,Coco rallado tostado,,,,,Mezclar: el jugo de piña y 5 cucharaditas de almidón en un pequeño recipiente y revolver hasta que se disuelva por completo. Dejar reposar.,"Verter: 3 tazas de leche de coco, las ramas de canela y la leche condensada endulzada en una cacerola mediana. Calentar hasta que esté tibio e incorporar la mezcla de piñas.  Calentar hasta que hierva revolviendo constantemente. Bajar el fuego al mínimo durante 10 minutos o hasta que la mezcla se espese y se adhiera a la cuchara.  Mezclar la vainilla y la mantequilla hasta que se mezclen perfectamente.","Verter: la piña escurrida en una cacerola mediana.  Mezclar el 14 de taza de leche de coco restante con azúcar, canela molida, la 1-12 cucharadita de almidón restante y el jugo de lima.  Cocinar a fuego medio durante 4 minutos o hasta que se espese un poco.",Agregar: con una cuchara la mezcla tibia de piña sobre el pudín y cubrirlo con coco tostado.,,,,,,,1 lata 8 oz.,6-12 cdts.,3-14 tazas,2,1 lata 14 oz.,1 cdta.,1 cdta.,2 cdts.,12 cdta.,1,14 de taza,,,,
111,Buñuelos de rodilla,Postre,"buñuelos , dulce , españa , fiestas , méxico , navidad , piloncillo , postre","Agua, por separado",Azúcar,Harina común tamizada,Polvo para hornear,Sal,Mantequilla cortada en mitades,Huevos grandes batidos,Aceite vegetal,Piloncillo o 1 taza de azúcar morena compacta,Jugo de piña DOLE Pineapple Juice,Rama de canela,Semillas de anís,,,,"Calentar: 1 taza de agua y azúcar para hervir a fuego medio, revolviendo hasta que se disuelva el piloncillo o azúcar. Retirar del fuego, mantener caliente.","Mezclar: la harina, el polvo para hornear y la sal en un recipiente grande.  Incorporar la manteca hasta que la mezcla se despedace. Agregar los huevos hasta que se mezclen por completo. Revuelva la mezcla de azúcar caliente para crear una masa blanda.","Dividir: la masa en bollos de 1 pulgada. Enrollar cada bollo, sobre una superficie suave, en un círculo de 6 pulgadas. Colocar cada círculo sobre una toalla de papel y dejarlo reposar durante 45 minutos. Darlos vuelta y dejarlos secar durante otros 45 minutos.",Calentar: aceite en una olla holandesa grande o en un sartén grande a 350°F. Freír 1 o 2 buñuelos a la vez durante 30 segundos o hasta que se doren. Darlos vuelta y repetir la misma acción.,"Mezclar: la panela, la 12 taza de agua restante, el jugo de piña, la canela y las semillas de anís en una cacerola mediana y calentar hasta que hierva a fuego medio-alto revolviendo hasta que se disuelva el azúcar. Bajar el fuego y dejar hervir a fuego lento entre 5 y 7 minutos o hasta que se espese la mezcla. Escurrir el jarabe.",Espolvorear: los buñuelos con azúcar en polvo si se desea. Servir con jarabe de piña.,,,,,1-12 taza,2 cdas.,3 tazas,1 cda.,1 cdta.,12 taza,2,8 tazas,1 cono 4 oz.,1 lata 6 oz.,1,1 cda.,,,
112,Clericot de Piña,Bebida,"argentina , bebida alcohólica , brandy , españa , fiestas , piña , ponche , sangría , uruguay , vino blanco , vino blanco espumante",Jugo de piña DOLE   frío,"Piñas en trozos DOLE, con jugo",Chablis o otro vino blanco seco,Soda sabor piña fría,Brandy,Naranja cortada en rodajas finas,Menta fresca,,,,,,,,,"Mezclar: el jugo y los trozos de piña, el chablis   en un recipiente para ponche o en una jarra.  Añadir las rodajas de naranja. Dejar reposar durante 1 hora como mínimo. Servir con hielo y decorar con menta fresca si se desea.",,,,,,,,,,1 lata 46 oz.,1 lata 20 oz.,1 botella 750 ml.,1 taza,14 de taza,1,,,,,,,,,
113,Tartaletas de piña y coco,Postre,"coco , dulce , hojaldre , merengue , piña , postre , republica dominicana , tartaletas","Piñas trituradas DOLE Crushed Pineapple, escurridas",Coco rallado,Azúcar morena compacta,Harina común,Sal,Canela molida,Hojaldre congelado,,,,,,,,,Precalentar: el horno a 400 °F.,"Mezclar: las piñas trituradas, el coco, el azúcar, la harina, la sal y la canela y dejar reposar.",Agregar: 1 pequeña cucharadita de la mezcla de piña en cada recipiente para muffin.,Hornear: durante 20 minutos hasta que se doren.,Batir: las claras de huevo hasta punto de nieve y agregar azúcar si se desea. Agregar el merengue espeso utilizando una manga pastelera con pico con forma de estrella.,,,,,,1 lata 20 oz. y 1 lata 8 oz.,3 tazas,13 de taza,1 cdta.,½ cdta.,12 cdta.,1 caja 14 oz.,,,,,,,,
114,Hallacas,PlatoFuerte,"cena , fiestas , hallacas , lomo , navidad , plato típico , solomillo , tradicional , venezuela",Solomillo asado,Lomo de cerdo,Tiras de tocino,Muslo de pollo deshuesado y sin piel,,,,,,,,,,,,"Calentar: 1 taza de aceite en una olla grande a fuego medio-alto, cocinar el solomillo, el cerdo y el tocino por tandas hasta que estén bien cocidos y dorados. Retirar del fuego y dejar enfriar. Picar el solomillo y el cerdo en pedazos de 34 de pulgada. Cortar el tocino en tiras largas y guardar para decorar.","Colocar: el muslo de pollo en otra olla grande y cubrir con agua. Calentar a fuego medio y cocinar hasta que ya no esté rosado en el centro. Retirar del fuego, escurrir y dejar enfriar. Cortar la mitad el pollo en tiras largas.","Añadir: el vino, la panela, la pimienta negra, la paprika, la sal, la mostaza y 1 taza de caldo de pollo",,,,,,,,2 lbs.,34 lb.,13 lb,1 lb.,,,,,,,,,,,
115,Tazones cubanos de quinoa con salsa de piña,PlatoFuerte,"almuerzo , brunch , cebolla , cilantro , cuba , dinner , dole , frijoles , limón , lunch , maduro , menos de una hora , para llevar , piña , platano , quinoa , tazón , tomate , vegetariano",,,,,,,,,,,,,,,,"Mezclar: los trocitos de piña, 2 cdas. de cilantro, los tomates, cebollas, el jugo de limón verde y el chile jalapeño en un tazón mediano. Condimentar con sal y pimienta negra, al gusto. Tapar",,,,,,,,,,,,,,,,,,,,,,,,
116,Galletas de piña y avena,PlatoFuerte,"almendras , almuerzo , avena , brunch , dole , dulce , entretenimiento , fiesta , fruit bowls , fruta , harina , hornear , lonchera , lunch , panadería , para el camino , pasas , piña , postre , snack , una hora o menos","DOLE Pineapple Tidbit Fruit Bowls, conservar el jugo",Azúcar morena compacta,"Mantequilla o margarina, suavizada",Huevo,Avena tradicional o de cocción rápida,Harina común,Polvo para hornear,Canela molida,Sal,Pasas de uva sin semillas o rubias,Almendras tostadas picadas opcional,,,,,"Precalentar: el horno a 350°F. Escurrir bien la piña, reservar 12 taza del jugo.","Batir: el azúcar y la mantequilla en un tazón grande hasta que esté ligera y suave. Añadir el huevo, los trocitos de piña y el jugo de las piñas reservado.", Colocar: cucharadas soperas de la masa en una placa para horno engrasada. Darle forma con el reverso de la cuchara.,Hornear: de 20 a 25 minutos o hasta que se doren. Dejar enfriar en la rejilla.,,,,,,,1 paquete 4 tazones,1-12 tazas,1 taza,1,3 tazas,2 tazas,1 cdta.,1 cdta.,12 cdta.,1 taza,1 taza,,,,
117,Rosca de Reyes con un toque tropical,PlatoFuerte,"azúcar glass , canela , cena , confitada. , día de reyes , dulce , entretenimiento , fiesta , fruta seca , harina , hornear , huevos , invierno , leche condensada , leche evaporada , merienda , naranja , navidad , pan , panadería , piña , postre , queso crema , tradición",Agua tibia,Levadura seca activa,"Azúcar granulada, a utilizar por separado",Leche evaporada,Mantequilla,Extracto de vainilla,Canela molida,Harina común,Huevos grandes,Ralladura de naranja,"Leche condensada endulzada, a utilizar por separado","Sal, a utilizar por separado",Queso crema blando,"Piña triturada DOLE Crushed Pineapple, escurrida",,"Mezclar: el agua, la levadura y 1 cdta. de azúcar en un tazón pequeño. Dejar reposar de 5 a 10 minutos.","Calentar: la leche evaporada en una cacerola pequeña, añadir la mantequilla y la canela.","Hacer: un bollo con la masa, colocar en un tazón engrasado. Cubrir con papel film adherente y dejar que duplique su tamaño por 1 o 2 horas, aproximadamente.","Mezclar: el queso crema, 12 taza de azúcar, 18 cdta. de sal y el extracto de vainilla hasta obtener una consistencia suave. Amasar la preparación 10 veces. Darle a la masa forma alargada aproximadamente de 24x6 pulgadas. Esparcir una fina capa de la mezcla de queso crema y piña triturada de forma pareja sobre la masa. Doblar la masa y presionar los bordes para sellarlos. Colocar la masa en un molde para pizza engrasado. Decorar con las frutas secas y confitadas preferidas, si se desea. Pincelar con huevo.",Hornear: a 350°F por 40-45 minutos o hasta que se dore. Dejar enfriar 10 minutos y colocar en una rejilla.,,,,,,14 taza,1 paquete 14 oz.,1-12 taza más 1 cdta.,12 taza,12 taza 1 barra,1 cdta.,14 cdta.,5 tazas,3,14 taza,2 cdas.,14 cdta. más 18 cdta.,1 paquete 8 oz.,1 lata 20 oz.,
